,avgBitrate,maxBitrate,minBitrate,q25_bitrate,q50_bitrate,q75_bitrate,q90_bitrate,avgBuffer,maxBuffer,minBuffer,q25_buffer,q50_buffer,q75_buffer,q90_buffer,numOfStallings,avgStalling,maxStalling,minStalling,q25_stalling,q50_stalling,q75_stalling,q90_stalling
0,529.5,529.5,529.5,529.5,529.5,529.5,529.5,25.645704888888897,52.155891,0.0,12.393300750000003,25.62604750000001,38.88967075000001,46.84977070000001,2,0.463898,0.927796,0,0.231949,0.463898,0.6958470000000001,0.8350164000000001
