,avgBitrate,maxBitrate,minBitrate,q25_bitrate,q50_bitrate,q75_bitrate,q90_bitrate,avgBuffer,maxBuffer,minBuffer,q25_buffer,q50_buffer,q75_buffer,q90_buffer,numOfStallings,avgStalling,maxStalling,minStalling,q25_stalling,q50_stalling,q75_stalling,q90_stalling
0,529.5,529.5,529.5,529.5,529.5,529.5,529.5,27.898302454268908,57.58702418119812,0.0,12.952135947071078,27.847883011444093,42.74550405435943,51.67604810332337,2,0.4406415162124635,0.881283032424927,0,0.2203207581062317,0.4406415162124635,0.6609622743186953,0.7931547291824343
