,avgBitrate,maxBitrate,minBitrate,q25_bitrate,q50_bitrate,q75_bitrate,q90_bitrate,avgBuffer,maxBuffer,minBuffer,q25_buffer,q50_buffer,q75_buffer,q90_buffer,numOfStallings,avgStalling,maxStalling,minStalling,q25_stalling,q50_stalling,q75_stalling,q90_stalling
0,529.5,529.5,529.5,529.5,529.5,529.5,529.5,26.351640444444463,52.208333,0.0,13.119364250000004,26.484177000000003,39.896986250000005,46.94838920000001,2,0.3215195,0.6430390000000001,0,0.16075975,0.3215195,0.4822792500000001,0.5787351000000002
