,avgBitrate,maxBitrate,minBitrate,q25_bitrate,q50_bitrate,q75_bitrate,q90_bitrate,avgBuffer,maxBuffer,minBuffer,q25_buffer,q50_buffer,q75_buffer,q90_buffer,numOfStallings,avgStalling,maxStalling,minStalling,q25_stalling,q50_stalling,q75_stalling,q90_stalling
0,529.5,529.5,529.5,529.5,529.5,529.5,529.5,26.35420138888889,52.208333,0.0,13.022016250000004,26.382654,39.70310825,47.6921686,2,0.3759344999999999,0.7518689999999999,0,0.1879672499999999,0.3759344999999999,0.5639017499999999,0.6766821
