,avgBitrate,maxBitrate,minBitrate,q25_bitrate,q50_bitrate,q75_bitrate,q90_bitrate,avgBuffer,maxBuffer,minBuffer,q25_buffer,q50_buffer,q75_buffer,q90_buffer,numOfStallings,avgStalling,maxStalling,minStalling,q25_stalling,q50_stalling,q75_stalling,q90_stalling
0,850.257235294117,1036.744,529.5,529.5,1036.744,1036.744,1036.744,45.95268297965495,57.050022022888186,0.0,53.69640648807907,54.51778047615814,55.78536992704392,56.5446279628067,2,0.296249023841858,0.5924980476837161,0,0.148124511920929,0.296249023841858,0.444373535762787,0.5332482429153445
