,avgBitrate,maxBitrate,minBitrate,q25_bitrate,q50_bitrate,q75_bitrate,q90_bitrate,avgBuffer,maxBuffer,minBuffer,q25_buffer,q50_buffer,q75_buffer,q90_buffer,numOfStallings,avgStalling,maxStalling,minStalling,q25_stalling,q50_stalling,q75_stalling,q90_stalling
0,246.425,246.425,246.425,246.425,246.425,246.425,246.425,181.36111104157547,211.13599985694884,0.0,170.62275651621246,184.22624407247923,197.83718343133543,205.99082275651244,2,0.3884999284744262,0.7769998569488525,0,0.1942499642372131,0.3884999284744262,0.5827498927116395,0.6992998712539673
