avgBitrate,maxBitrate,minBitrate,q25_bitrate,q50_bitrate,q75_bitrate,q90_bitrate,avgBuffer,maxBuffer,minBuffer,q25_buffer,q50_buffer,q75_buffer,q90_buffer,numOfStallings,avgStalling,maxStalling,minStalling,q25_stalling,q50_stalling,q75_stalling,q90_stalling,score
246.425,246.425,246.425,246.425,246.425,246.425,246.425,181.7696889,211.1690001,0,171.3249352,184.6821929,198.082795,206.11966,2,0.404500044,0.809000088,0,0.202250022,0.404500044,0.606750066,0.728100079,1.8
246.425,246.425,246.425,246.425,246.425,246.425,246.425,183.8783383,211.157,0,175.1015911,187.196196,199.320931,206.5956041,2,0.401000002,0.802000004,0,0.200500001,0.401000002,0.601500003,0.721800003,1.8
246.425,246.425,246.425,246.425,246.425,246.425,246.425,181.7696889,211.1690001,0,171.3249352,184.6821929,198.082795,206.11966,2,0.404500044,0.809000088,0,0.202250022,0.404500044,0.606750066,0.728100079,1.8
246.425,246.425,246.425,246.425,246.425,246.425,246.425,183.8783383,211.157,0,175.1015911,187.196196,199.320931,206.5956041,2,0.401000002,0.802000004,0,0.200500001,0.401000002,0.601500003,0.721800003,1.8
495.9148305,529.5,246.425,529.5,529.5,529.5,529.5,170.518371,198.817,0,160.4849543,173.3746619,186.2391501,193.9566022,2,0.403000002,0.806000004,0,0.201500001,0.403000002,0.604500003,0.725400003,2.2
246.425,246.425,246.425,246.425,246.425,246.425,246.425,182.532388,211.085,0,172.7689058,185.6133785,198.4552295,206.1843218,2,0.367499989,0.734999977,0,0.183749994,0.367499989,0.551249983,0.661499979,1.8
